{"neg": {"precision": 0.8409090909090909, "recall": 0.74, "f1-score": 0.7872340425531915, "support": 50}, "pos": {"precision": 0.7678571428571429, "recall": 0.86, "f1-score": 0.8113207547169812, "support": 50}, "accuracy": 0.8, "macro avg": {"precision": 0.8043831168831169, "recall": 0.8, "f1-score": 0.7992773986350863, "support": 100}, "weighted avg": {"precision": 0.804383116883117, "recall": 0.8, "f1-score": 0.7992773986350863, "support": 100}}