{
    "False": {
        "f1-score": 0.912621359223301,
        "precision": 0.8867924528301887,
        "recall": 0.94,
        "support": 50
    },
    "True": {
        "f1-score": 0.9072164948453608,
        "precision": 0.9361702127659575,
        "recall": 0.88,
        "support": 50
    },
    "accuracy": 0.91,
    "macro avg": {
        "f1-score": 0.9099189270343309,
        "precision": 0.9114813327980731,
        "recall": 0.9099999999999999,
        "support": 100
    },
    "weighted avg": {
        "f1-score": 0.909918927034331,
        "precision": 0.9114813327980731,
        "recall": 0.91,
        "support": 100
    }
}